<?xml version="1.0" encoding="UTF-8"?>
<texter typ="TS-DIABETES" giltigFrom="2016-04-01" version="2.8" xmlns:xsi="http://www.w3.org/2001/XMLSchema-instance">

	<!--
	     	===============================================
	KATEGORI: Intyg avser
	===============================================
	-->
	<text id="KAT_99.RBK">Intyget avser</text>
	<text id="KAT_99.HLP"><![CDATA[<span style="text-align:left">AM = moped klass I<br>A1 - lätt motorcykel<br>A2 - mellanstor motorcykel<br>A - motorcykel<br>B - personbil, lätt lastbil och enbart ett lätt släpfordon<br>BE - personbil, lätt lastbil och ett eller flera släpfordon *<br>C1 = medeltung lastbil och enbart ett lätt släpfordon<br/>C1E = medeltung lastbil och ett eller flera släpfordon oavsett vikt<br/>C = tung lastbil och enbart ett lätt släpfordon<br/>CE = tung lastbil och ett eller flera släpfordon oavsett vikt<br/>D1 = mellanstor buss och enbart ett lätt släpfordon<br/>D1E = mellanstor buss och ett eller flera släpfordon oavsett vikt<br/>D = buss och enbart ett lätt släpfordon<br/>DE = buss och ett eller flera släpfordon oavsett vikt<br/>Taxi = taxiförarlegitimation<br>* Släpens totalvikt får inte överstiga 3,5 ton.</span>]]></text>
	<text id="KORKORT_AM.RBK">AM</text>
  <text id="KORKORT_A1.RBK">A1</text>
  <text id="KORKORT_A2.RBK">A2</text>
  <text id="KORKORT_A.RBK">A</text>
  <text id="KORKORT_B.RBK">B</text>
  <text id="KORKORT_BE.RBK">BE</text>
  <text id="KORKORT_TRAKTOR.RBK">Traktor</text>
  <text id="KORKORT_C1.RBK">C1</text>
  <text id="KORKORT_C1E.RBK">C1E</text>
  <text id="KORKORT_C.RBK">C</text>
  <text id="KORKORT_CE.RBK">CE</text>
  <text id="KORKORT_D1.RBK">D1</text>
  <text id="KORKORT_D1E.RBK">D1E</text>
  <text id="KORKORT_D.RBK">D</text>
  <text id="KORKORT_DE.RBK">DE</text>
  <text id="KORKORT_TAXI.RBK">Taxi</text>

	<!--
	     	===============================================
	KATEGORI: Identitet styrkt genom
	===============================================
	-->
	<text id="KAT_100.RBK">Identitet styrkt genom</text>

  <text id="IDENTITET_ID_KORT.RBK">ID-kort</text>
  <text id="IDENTITET_FORETAG_ELLER_TJANSTEKORT.RBK">Företagskort eller tjänstekort.</text>
  <text id="IDENTITET_KORKORT.RBK">Svenskt körkort</text>
  <text id="IDENTITET_PERS_KANNEDOM.RBK">Personlig kännedom</text>
  <text id="IDENTITET_FORSAKRAN_KAP18.RBK">Försäkran enligt 18 kap 4 §</text>
  <text id="IDENTITET_PASS.RBK">Pass</text>

	<text id="FRM_1.RBK">&#185; SIS-märkt ID-kort, svenskt nationellt ID-kort eller ID-kort utfärdat av Skatteverket.
&#178; SIS-märkt företagskort eller tjänstekort.
&#179; Försäkran enligt 18 kap 4 § i Transportstyrelsens föreskrifter och allmänna råd (TSFS 2010:125) om medicinska krav för innehav av körkort m.m.
&#8308; Svenskt EU-pass, annat EU-pass utfärdade från och med den 1 september 2006, pass utfärdat av Island, Liechtenstein, Norge eller Schweiz från och med den 1 september 2006.</text>

	<!--
	     	===============================================
	KATEGORI 1: Allmänt
	===============================================
	-->
	<text id="KAT_1.RBK">1. Allmänt</text>

	<text id="FRG_35.RBK">Vilket år ställdes diagnosen diabetes?</text>
	<text id="FRG_18.RBK">Patienten har diabetes</text>
	<text id="FRG_19.RBK">Behandling</text>
	<text id="DFR_19.1.RBK">Endast kost</text>
	<text id="DFR_19.2.RBK">Tabletter</text>
	<text id="DFR_19.3.RBK">Insulin</text>
	<text id="DFR_19.4.RBK">Insulin sedan år</text>
	<text id="DFR_19.5.RBK">Annan behandling, vilken?</text>

	<!--
	     	===============================================
	KATEGORI 2: Hypoglykemier (lågt blodsocker)
	===============================================
	-->
	<text id="KAT_2.RBK">2. Hypoglykemier (lågt blodsocker)</text>

	<text id="FRG_36.RBK">a) Har patienten kunskap om lämpliga åtgärder vid hypoglykemi?</text>
	<text id="FRG_37.RBK">b) Förekommer hypoglykemier med tecken på nedsatt hjärnfunktion (neuroglukopena symtom) som bedöms kunna innebära en trafiksäkerhetsrisk?</text>
	<text id="FRG_38.RBK">c) Saknar patienten förmåga att känna varningstecken på hypoglykemi ("unawareness")?</text>
	<text id="FRG_39.RBK">d) Har patienten haft allvarlig hypoglykemi (som krävt hjälp av annan för att hävas) under det senaste året?</text>
	<text id="DFR_39.2.RBK">Hur många sådana episoder?</text>
	<text id="FRG_40.RBK">e) Har patienten haft allvarlig hypoglykemi i trafiken under det senaste året?</text>
	<text id="DFR_40.2.RBK">Hur många sådana episoder och när inträffade de?</text>
	<text id="FRG_41.RBK">f) Genomför patienten egenkontroller av blodsocker?</text>
	<text id="FRG_42.RBK">g) Har patienten haft allvarlig hypoglykemi (som krävt hjälp av annan för att hävas) under vaken tid det senaste året?</text>
  <text id="DFR_42.2.RBK">När?</text>

	<!--
	     	===============================================
	KATEGORI 3: Synintyg
	===============================================
	-->
	<text id="KAT_3.RBK">3. Synintyg</text>

	<text id="FRG_43.RBK">a) Ögonläkarintyg kommer att skickas in separat</text>
	<text id="FRG_44.RBK">b) Är synfältsprövning enligt Donders konfrontationsmetod utan anmärkning?</text>
	<text id="FRG_8.RBK">c) Värden för synskärpa</text>
	<text id="FRG_6.RBK">d) Förekommer dubbelseende?</text>

	<!--
	     	===============================================
	KATEGORI 4: Bedömning
	===============================================
	-->
	<text id="KAT_4.RBK">4. Bedömning</text>
  <text id="KAT_4.HLP"><![CDATA[<span style="text-align:left">AM = moped klass I<br/>A1 = lätt motorcykel<br/>A2 = mellanstor motorcykel<br/>A = motorcykel<br/>B = personbil, lätt lastbil och enbart ett lätt släpfordon<br/>BE = personbil, lätt lastbil och ett eller flera släpfordon. Släpens totalvikt får inte överstiga 3,5 ton.<br/>C1 = medeltung lastbil och enbart ett lätt släpfordon<br/>C1E = medeltung lastbil och ett eller flera släpfordon oavsett vikt<br/>C = tung lastbil och enbart ett lätt släpfordon<br/>CE = tung lastbil och ett eller flera släpfordon oavsett vikt<br/>D1 = mellanstor buss och enbart ett lätt släpfordon<br/>D1E = mellanstor buss och ett eller flera släpfordon oavsett vikt<br/>D = buss och enbart ett lätt släpfordon<br/>DE = buss och ett eller flera släpfordon oavsett vikt<br/>Taxi = taxiförarlegitimation</span>]]></text>

  <text id="FRG_33.RBK"><![CDATA[Patienten uppfyller kraven enligt 6 kap. i Transportstyrelsens föreskrifter och allmänna råd (TSFS 2010:125) om
  medicinska krav för innehav av körkort m.m. Föreskrivna krav på läkarens specialistkompetens vid diabetessjukdom
  anges i 17 kap.
  Se <a href="http://www.transportstyrelsen.se" target="_blank">www.transportstyrelsen.se</a> <i class="material-icons md-18">launch</i>.]]></text>
	<text id="DFR_33.1.RBK">Någon av följande behörighetstyper</text>
  <text id="DFR_33.2.RBK">Kan inte ta ställning</text>
	<text id="FRG_45.RBK">Om patienten söker behörighet C1, C1E, C, CE, D1, D1E, D, DE eller Taxi, är han eller hon lämplig att inneha sådan behörighet med hänsyn till de körningar och arbetsformer som är aktuella vid sådant innehav? (Se 6 kap. 16 §)</text>

	<text id="FRG_32.RBK">Övriga kommentarer och upplysningar</text>
	<text id="FRG_34.RBK">Patienten bör före ärendets avgörande undersökas av läkare med specialistkompetens i</text>

</texter>
