[
  {
    "key": "testaEleg",
    "url": "https://eid.primeportal.com/EID/Pages/Testa-e-legitimation.aspx",
    "text": "Läs om tekniska krav och testa din e-legitimation",
    "target": "_blank"
  },
  {
    "key": "ptsCookies",
    "url": "https://pts.se/sv/privat/internet/integritet/kakor-cookies/",
    "text": "Post- och telestyrelsens webbplats (extern länk).",
    "target": "_blank"
  },
  {
    "key": "ptsCookiesBanner",
    "url": "https://pts.se/sv/privat/internet/integritet/kakor-cookies/",
    "text": "Post- och telestyrelsens webbplats",
    "target": "_blank"
  },
  {
    "key": "ptsCookiesMerOm",
    "url": "https://pts.se/sv/privat/internet/integritet/kakor-cookies/",
    "text": "Mer om kakor (cookies) på Post- och telestyrelsens webbplats",
    "target": "_blank"
  },
  {
    "key": "ptsCookiesAbout",
    "url": "http://pts.se/sv/privat/internet/integritet/kakor-cookies/",
    "text": "Kommunikationsmyndigheten PTS sida om kakor",
    "target": "_blank"
  },
  {
    "key": "socialstyrelsenFmbAnvandas",
    "url": "http://www.socialstyrelsen.se/riktlinjer/forsakringsmedicinsktbeslutsstod/omforsakringsmedicinsktbeslutsstod/saskabeslutsstodetanvandas",
    "text": "Socialstyrelsens hemsida",
    "target": "_blank"
  },
  {
    "key": "elegInformation",
    "url": "http://www.e-legitimation.se",
    "text": "http://www.e-legitimation.se",
    "target": "_blank"
  },
  {
    "key": "bankid",
    "url": "https://www.bankid.com",
    "text": "https://www.bankid.com",
    "target": "_blank"
  },
  {
    "key": "testSiths",
    "url": "https://test.siths.se/",
    "text": "test.siths.se",
    "target": "_blank"
  },
  {
    "key": "minaintyg",
    "url": "https://minaintyg.se/",
    "text": "minaintyg.se",
    "target": "_blank"
  },
  {
    "key": "1177",
    "url": "https://www.1177.se/",
    "text": "www.1177.se",
    "target": "_blank"
  },
  {
    "key": "ineraStartsida",
    "url": "https://www.inera.se",
    "text": "Inera AB",
    "target": "_blank"
  },
  {
    "key": "ineraKundserviceFel",
    "url": "http://www.inera.se/KONTAKT_KUNDSERVICE/Felanmalan-och-support/Anmal-fel",
    "text": "Ineras kundservice",
    "target": "_blank"
  },
  {
    "key": "ineraKundserviceAnmalFel",
    "url": "http://www.inera.se/felanmalan",
    "text": "Ineras kundservice",
    "target": "_blank"
  },
  {
    "key": "ineraHjalpOchSupport",
    "url": "https://www.inera.se/kundservice/kontakta-oss/",
    "text": "Hjälp och support",
    "target": "_blank"
  },
  {
    "key": "transportstyrelsen",
    "url": "http://www.transportstyrelsen.se",
    "text": "www.transportstyrelsen.se",
    "target": "_blank"
  },
  {
    "key": "fmbSoc",
    "url": "https://roi.socialstyrelsen.se/fmb",
    "text": "Läs mer om FMB hos Socialstyrelsen",
    "target": "_blank",
    "tooltip": "Öppnar Socialstyrelsens beslutstöd för angiven huvuddiagnos"
  },
  {
    "key": "fmbSocWithIcon",
    "url": "https://roi.socialstyrelsen.se/fmb",
    "text": "Socialstyrelsens försäkringsmedicinska beslutsstöd <img src='/img/link_icon.png'/>",
    "target": "_blank",
    "tooltip": "Öppnar Socialstyrelsens beslutstöd för angiven huvuddiagnos"
  },
  {
    "key": "ineraNationellaKundservice",
    "url": "https://www.inera.se/kundservice/formular/felanmalan-och-support/formular-for-felanmalan-och-support/",
    "text": "Ineras nationella kundservice",
    "target": "_blank",
    "tooltip": "Öppnar Ineras nationella kundservice"
  },
  {
    "key": "ineraPersonuppgifter",
    "url": "https://www.inera.se/om-inera/behandling-av-personuppgifter/",
    "text": "Ineras hemsida",
    "target": "_blank"
  }
]
